country,year,overshoot_day
Albania,1961,311.473261147345
Albania,1962,327.28277581495701
Albania,1963,328.07351643255498
Albania,1964,319.65432853081001
Albania,1965,301.35153444796299
Albania,1966,299.946849594338
Albania,1967,306.01640211905698
Albania,1968,279.92907194436498
Albania,1969,259.22709887366398
Albania,1970,243.847617241606
Albania,1971,233.92754030741901
Albania,1972,223.00296374752099
Albania,1973,232.59000817533899
Albania,1974,232.48883591057199
Albania,1975,213.848016083609
Albania,1976,211.43666450005301
Albania,1977,209.56014536273099
Albania,1978,201.50406051925799
Albania,1979,188.38059736877301
Albania,1980,186.087253105126
Albania,1981,201.78175566573199
Albania,1982,199.84196723573999
Albania,1983,198.66986103235601
Albania,1984,188.34537138061
Albania,1985,191.25773379762899
Albania,1986,189.68305957799899
Albania,1987,188.49629921435599
Albania,1988,182.48675789984
Albania,1989,185.940719083608
Albania,1990,185.526098266145
Albania,1991,162.501106407256
Albania,1992,169.564695773186
Albania,1993,227.179611948211
Albania,1994,260.72618052826101
Albania,1995,283.07341353212502
Albania,1996,236.08294496905
Albania,1997,290.62743266220599
Albania,1998,267.01937836047102
Albania,1999,208.97941265790601
Albania,2000,207.544928069804
Albania,2001,203.50952370168
Albania,2002,179.54438097231801
Albania,2003,175.60514656684799
Albania,2004,166.841938831329
Albania,2005,162.61279117093201
Albania,2006,154.438454089667
Albania,2007,146.58451531919201
Albania,2008,160.32609234856801
Albania,2009,162.64006584221701
Albania,2010,172.673572229439
Albania,2011,156.65698043715
Albania,2012,175.20110701453601
Albania,2013,173.99894194109501
Albania,2014,179.21574928035199
