country,year,overshoot_day
Algeria,1961,716.912596802439
Algeria,1962,691.52295095289901
Algeria,1963,754.55257951037402
Algeria,1964,845.32309382830101
Algeria,1965,789.674127310264
Algeria,1966,821.08116631228802
Algeria,1967,711.49492566107904
Algeria,1968,673.30143867507297
Algeria,1969,701.85195288917305
Algeria,1970,659.21145071281296
Algeria,1971,527.39702900590203
Algeria,1972,493.08072539216801
Algeria,1973,512.54161836450703
Algeria,1974,391.78619151801797
Algeria,1975,353.98211160175202
Algeria,1976,347.91874632662501
Algeria,1977,286.13238898256998
Algeria,1978,249.129613351459
Algeria,1979,238.05950083848899
Algeria,1980,230.567039791615
Algeria,1981,198.35398961404701
Algeria,1982,201.05787632721601
Algeria,1983,174.17783325142099
Algeria,1984,172.69571856889601
Algeria,1985,167.098326436458
Algeria,1986,161.96118262328699
Algeria,1987,165.60635051809399
Algeria,1988,145.21126593566299
Algeria,1989,135.89253963726901
Algeria,1990,150.60806884140899
Algeria,1991,166.15794463296501
Algeria,1992,162.57842952872201
Algeria,1993,140.195858867194
Algeria,1994,131.30014643941701
Algeria,1995,141.02420934681999
Algeria,1996,174.30318681635001
Algeria,1997,143.14080934176201
Algeria,1998,150.85767702086301
Algeria,1999,133.41503471604199
Algeria,2000,120.86414262156499
Algeria,2001,129.626544506225
Algeria,2002,112.60992199459299
Algeria,2003,124.9739585209
Algeria,2004,122.813243731247
Algeria,2005,115.22542972007101
Algeria,2006,116.45169988091
Algeria,2007,109.79442161062001
Algeria,2008,90.452097286318306
Algeria,2009,106.413890581936
Algeria,2010,104.55326772424699
Algeria,2011,95.705329365298098
Algeria,2012,94.385935056936106
Algeria,2013,91.695906039148696
Algeria,2014,80.718014141880701
