country,year,overshoot_day
Aruba,1986,89.771520433969101
Aruba,1987,66.840623907261005
Aruba,1988,49.426299862687003
Aruba,1989,45.696897931349397
Aruba,1990,26.839603068796201
Aruba,1991,26.001342186682201
Aruba,1992,28.802286934848699
Aruba,1993,26.201374434114101
Aruba,1994,25.131092114639301
Aruba,1995,24.090293821145099
Aruba,1996,23.934264750171899
Aruba,1997,23.120195047506201
Aruba,1998,22.077612895662199
Aruba,1999,17.654480428373201
Aruba,2000,17.333274144776901
Aruba,2001,16.174034082016401
Aruba,2002,15.844043320820401
Aruba,2003,15.383693826054801
Aruba,2004,15.0370813629767
Aruba,2005,15.1089209564425
Aruba,2006,14.347770585481101
Aruba,2007,13.432037766915601
Aruba,2008,14.0680508091517
Aruba,2009,16.686869983289402
Aruba,2010,17.237740171284401
Aruba,2011,17.104789092211
Aruba,2012,25.567594715312399
Aruba,2013,32.728869803989703
Aruba,2014,32.534847830991197
