country,year,overshoot_day
Bahamas,1971,1032.0610619971601
Bahamas,1972,845.88656130909806
Bahamas,1973,572.35596487280804
Bahamas,1974,543.85051438812104
Bahamas,1975,486.26944427999302
Bahamas,1976,421.76621501199901
Bahamas,1977,283.47788775348999
Bahamas,1978,336.89477433783401
Bahamas,1979,297.22330638403599
Bahamas,1980,257.16396312238697
Bahamas,1981,631.56016958619296
Bahamas,1982,569.34734020024905
Bahamas,1983,982.55246936126196
Bahamas,1984,991.39645433365502
Bahamas,1985,1383.18918653999
Bahamas,1986,775.86503198251603
Bahamas,1987,783.13120190793404
Bahamas,1988,922.80866858687796
Bahamas,1989,793.64039703249102
Bahamas,1990,839.95763358476802
Bahamas,1991,862.03975801393403
Bahamas,1992,897.60699807705203
Bahamas,1993,936.44440587715997
Bahamas,1994,917.21370921998903
Bahamas,1995,979.93594225734398
Bahamas,1996,936.43653882655497
Bahamas,1997,985.03947463054806
Bahamas,1998,962.35194064879397
Bahamas,1999,829.59151402377699
Bahamas,2000,673.99941774846502
Bahamas,2001,858.38734678512901
Bahamas,2002,941.46256116045504
Bahamas,2003,1047.2261963769399
Bahamas,2004,947.30437404066902
Bahamas,2005,845.18058892281999
Bahamas,2006,759.41761913529297
Bahamas,2007,780.09421885586198
Bahamas,2008,883.25862446538599
Bahamas,2009,747.67241253373197
Bahamas,2010,731.72160507905505
Bahamas,2011,778.30290257209299
Bahamas,2012,610.31367371495799
Bahamas,2013,563.147276301494
Bahamas,2014,706.77388678798798
