country,year,overshoot_day
Barbados,1961,78.218724429373594
Barbados,1962,78.570882503031896
Barbados,1963,89.1908607831583
Barbados,1964,79.799099573005094
Barbados,1965,77.472390493589501
Barbados,1966,68.888137335668901
Barbados,1967,73.087976788322706
Barbados,1968,60.415537136987098
Barbados,1969,53.097050550166799
Barbados,1970,57.004584663078901
Barbados,1971,51.6517483320061
Barbados,1972,42.891984649655598
Barbados,1973,42.279365639745102
Barbados,1974,40.2283217509152
Barbados,1975,34.219923921240799
Barbados,1976,34.877732107226699
Barbados,1977,37.503044957814303
Barbados,1978,36.165216271041999
Barbados,1979,37.4812604083141
Barbados,1980,39.223873654948399
Barbados,1981,36.180023555387898
Barbados,1982,33.187707191908899
Barbados,1983,28.242991934269298
Barbados,1984,29.060937640933599
Barbados,1985,29.682996911754501
Barbados,1986,28.038729134052002
Barbados,1987,27.437105896143098
Barbados,1988,22.137068911884501
Barbados,1989,19.929939659783901
Barbados,1990,23.796662417323301
Barbados,1991,20.2761896869815
Barbados,1992,26.627015549157299
Barbados,1993,23.816284855730501
Barbados,1994,26.012267938211298
Barbados,1995,23.283233269375799
Barbados,1996,26.718634616467899
Barbados,1997,22.555709836196598
Barbados,1998,22.605893688113301
Barbados,1999,20.717740654219799
Barbados,2000,18.902212677034601
Barbados,2001,18.4855581016228
Barbados,2002,19.884343703440202
Barbados,2003,15.7544823874339
Barbados,2004,17.270372199393901
Barbados,2005,16.043610956384502
Barbados,2006,15.4690698801066
Barbados,2007,16.230463858692801
Barbados,2008,15.0269148310223
Barbados,2009,16.165170026827699
Barbados,2010,16.154810070021401
Barbados,2011,16.9625022443016
Barbados,2012,18.661438736640399
Barbados,2013,18.206059977400301
Barbados,2014,16.8394851103285
