country,year,population,BiocapPerCap,footprint,deficit,id,ratio,overshoot_day
Belize,2014,351705.993593146,3.976586831,5.193841047,-1.217254216,BLZ,-1.3061052661586168,118.206514408123
