country,year,overshoot_day
Ghana,1961,927.559703000225
Ghana,1962,906.83170300960001
Ghana,1963,864.42035670884297
Ghana,1964,828.22856643278396
Ghana,1965,883.117546808415
Ghana,1966,819.32940592037198
Ghana,1967,793.67177952366001
Ghana,1968,754.12710915675098
Ghana,1969,736.67368437328105
Ghana,1970,676.65703987846098
Ghana,1971,665.07154977722303
Ghana,1972,667.85714673477798
Ghana,1973,639.96365923373799
Ghana,1974,569.60302594565701
Ghana,1975,581.459115273159
Ghana,1976,601.48927293376403
Ghana,1977,574.80735094944805
Ghana,1978,607.81783241656797
Ghana,1979,620.75584877037295
Ghana,1980,611.31472952053196
Ghana,1981,611.41979086409697
Ghana,1982,605.46290439434495
Ghana,1983,542.032668766455
Ghana,1984,532.53987365438604
Ghana,1985,525.27969289983105
Ghana,1986,511.98973500218801
Ghana,1987,500.09951626859998
Ghana,1988,488.76090595843402
Ghana,1989,479.32778628739499
Ghana,1990,457.426204447695
Ghana,1991,462.84390990926897
Ghana,1992,418.70464515029101
Ghana,1993,409.95385878782503
Ghana,1994,389.31342017203502
Ghana,1995,379.64975500179401
Ghana,1996,385.12506009450101
Ghana,1997,344.69148535846801
Ghana,1998,322.283822827287
Ghana,1999,312.39811494142702
Ghana,2000,332.77312614912302
Ghana,2001,315.18564806784798
Ghana,2002,309.44471759657603
Ghana,2003,305.80085119798201
Ghana,2004,304.86582567135201
Ghana,2005,295.39937873668998
Ghana,2006,281.47482596261
Ghana,2007,262.40587808380599
Ghana,2008,271.26573588490498
Ghana,2009,273.02823196056602
Ghana,2010,255.17426508716301
Ghana,2011,255.148756649142
Ghana,2012,254.018896173287
Ghana,2013,252.284324224041
Ghana,2014,253.99985318652099
