"year","country","overshoot_day","country_3_code"
1998,"Grenada",282.182927396904,"GRD"
1999,"Grenada",312.801212234168,"GRD"
2000,"Grenada",274.809052683292,"GRD"
2001,"Grenada",266.876689814689,"GRD"
2002,"Grenada",271.202073190394,"GRD"
2003,"Grenada",153.614507700677,"GRD"
2004,"Grenada",243.798742374325,"GRD"
2005,"Grenada",220.433503011951,"GRD"
2006,"Grenada",218.384379255275,"GRD"
2007,"Grenada",224.813890479446,"GRD"
2008,"Grenada",207.66422859105,"GRD"
2009,"Grenada",227.107351418108,"GRD"
2010,"Grenada",213.422161142029,"GRD"
2011,"Grenada",196.455455239598,"GRD"
2012,"Grenada",201.30125242594,"GRD"
2013,"Grenada",195.062882009965,"GRD"
2014,"Grenada",197.863683796492,"GRD"
