country,year,overshoot_day
Guadeloupe,1961,247.749468883796
Guadeloupe,1962,245.35359112213101
Guadeloupe,1963,223.06748365835301
Guadeloupe,1964,213.69051333873099
Guadeloupe,1965,222.457455025445
Guadeloupe,1966,230.661975379083
Guadeloupe,1967,196.95140520886801
Guadeloupe,1968,192.640608353402
Guadeloupe,1969,195.036123614877
Guadeloupe,1970,195.795062728272
Guadeloupe,1971,187.20984776601799
Guadeloupe,1972,167.72852192235899
Guadeloupe,1973,167.216216961448
Guadeloupe,1974,156.446267510528
Guadeloupe,1975,156.851293562927
Guadeloupe,1976,138.087852394935
Guadeloupe,1977,129.34909713911901
Guadeloupe,1978,133.160811979513
Guadeloupe,1979,126.50983525075701
Guadeloupe,1980,128.584255470995
Guadeloupe,1981,98.988282466868895
Guadeloupe,1982,108.404614761785
Guadeloupe,1983,95.326435473264098
Guadeloupe,1984,93.868640948606298
Guadeloupe,1985,95.0671869993744
Guadeloupe,1986,99.187066175574301
Guadeloupe,1987,91.893944658115004
Guadeloupe,1988,80.779375811276296
Guadeloupe,1989,71.476941742455693
Guadeloupe,1990,57.833578488509602
Guadeloupe,1991,60.447539884433802
Guadeloupe,1992,55.772010124811999
Guadeloupe,1993,67.146675365775707
Guadeloupe,1994,64.345991116151495
Guadeloupe,1995,61.995419992843303
Guadeloupe,1996,59.036778017387697
Guadeloupe,1997,59.4499269738088
Guadeloupe,1998,51.891977085366399
Guadeloupe,1999,57.138817549066999
Guadeloupe,2000,58.7791350650214
Guadeloupe,2001,54.671182203968698
Guadeloupe,2002,55.276087330894804
Guadeloupe,2003,52.364214446490799
Guadeloupe,2004,48.951023407429098
Guadeloupe,2005,50.901095586820297
Guadeloupe,2006,47.792746242625903
Guadeloupe,2007,45.384819577601696
Guadeloupe,2008,44.915023929345402
Guadeloupe,2009,47.185531502453003
Guadeloupe,2010,42.9752662196614
Guadeloupe,2011,39.961910037212803
Guadeloupe,2012,38.743625388581897
Guadeloupe,2013,37.728128997845197
Guadeloupe,2014,40.1180710390299
