country,year,overshoot_day
Jamaica,1961,149.43589351219899
Jamaica,1962,140.54970010340401
Jamaica,1963,136.25897678577601
Jamaica,1964,114.528218557399
Jamaica,1965,130.70789175646601
Jamaica,1966,136.03116994137
Jamaica,1967,122.896231655836
Jamaica,1968,125.987264362535
Jamaica,1969,109.341310742327
Jamaica,1970,110.452745383284
Jamaica,1971,110.33658628610399
Jamaica,1972,122.239282841123
Jamaica,1973,113.545274534988
Jamaica,1974,103.81129832811099
Jamaica,1975,102.1584671073
Jamaica,1976,99.175795460645304
Jamaica,1977,121.715205076621
Jamaica,1978,116.06238756166501
Jamaica,1979,118.313191400946
Jamaica,1980,136.78817637978301
Jamaica,1981,128.43322564686099
Jamaica,1982,122.76867770342599
Jamaica,1983,146.80807800312101
Jamaica,1984,144.18151116802599
Jamaica,1985,148.81862894110699
Jamaica,1986,142.855536836646
Jamaica,1987,131.81323091288399
Jamaica,1988,119.045387827233
Jamaica,1989,104.699376238939
Jamaica,1990,110.58825289502499
Jamaica,1991,119.68223239413101
Jamaica,1992,117.800312519998
Jamaica,1993,108.911501527466
Jamaica,1994,107.512764697702
Jamaica,1995,102.96318039517401
Jamaica,1996,107.774053597294
Jamaica,1997,100.632268216678
Jamaica,1998,98.443806993195906
Jamaica,1999,86.979794353690394
Jamaica,2000,93.514441608781297
Jamaica,2001,90.4233462192405
Jamaica,2002,96.548989407984394
Jamaica,2003,89.491547738848794
Jamaica,2004,99.558972466541206
Jamaica,2005,89.129498229861298
Jamaica,2006,99.230436567232999
Jamaica,2007,77.510468234070302
Jamaica,2008,112.947621745164
Jamaica,2009,103.75384949104
Jamaica,2010,85.719015186673403
Jamaica,2011,77.919278411928602
Jamaica,2012,87.314096091397502
Jamaica,2013,81.090472409123294
Jamaica,2014,86.397552327303899
