country,year,overshoot_day
Kenya,1961,388.98532723978099
Kenya,1962,386.86663054394
Kenya,1963,395.90996689267098
Kenya,1964,372.137956689992
Kenya,1965,363.382427116158
Kenya,1966,353.14300283966003
Kenya,1967,359.344065771244
Kenya,1968,360.90384741203798
Kenya,1969,353.99734336745598
Kenya,1970,336.03015670531499
Kenya,1971,321.5025832842
Kenya,1972,323.92657110626999
Kenya,1973,318.08548750066001
Kenya,1974,309.53235171294898
Kenya,1975,306.11957829934801
Kenya,1976,310.84149835114903
Kenya,1977,299.15518176039802
Kenya,1978,273.240610591181
Kenya,1979,270.24939505668999
Kenya,1980,260.72896905409698
Kenya,1981,258.30669956654401
Kenya,1982,258.320261651843
Kenya,1983,252.15385773762799
Kenya,1984,242.13013817718601
Kenya,1985,242.032375201641
Kenya,1986,243.44591430741701
Kenya,1987,233.68257901664899
Kenya,1988,237.86394169069999
Kenya,1989,238.141416522507
Kenya,1990,231.36881247449199
Kenya,1991,230.403293598326
Kenya,1992,230.57159245919399
Kenya,1993,220.75686175324
Kenya,1994,213.85699984186201
Kenya,1995,212.52857944407401
Kenya,1996,205.102751851275
Kenya,1997,200.54736264332999
Kenya,1998,202.01307670765101
Kenya,1999,200.335804285123
Kenya,2000,192.08369615834599
Kenya,2001,198.805236652449
Kenya,2002,211.643455752009
Kenya,2003,213.820780135327
Kenya,2004,204.760757276014
Kenya,2005,197.29317650667701
Kenya,2006,194.14737630753299
Kenya,2007,190.63586908916
Kenya,2008,186.077061562366
Kenya,2009,179.065285462162
Kenya,2010,185.909443267662
Kenya,2011,177.17731779503401
Kenya,2012,185.48268235990199
Kenya,2013,188.512647799619
Kenya,2014,187.15313150797201
