country,year,population,BiocapPerCap,footprint,deficit,id,ratio,overshoot_day
Kiribati,2014,110470.001234311,1.287747839,5.843356484,-4.555608645,KIR,-4.537655834856612,105.06732577415053
