country,year,overshoot_day
Lithuania,1992,273.35123510637402
Lithuania,1993,322.01227416287497
Lithuania,1994,382.34922750484299
Lithuania,1995,325.43833655178003
Lithuania,1996,310.83763717611998
Lithuania,1997,317.93041902297898
Lithuania,1998,303.53450542111199
Lithuania,1999,349.44445857455997
Lithuania,2000,338.54804281773102
Lithuania,2001,316.35782573993902
Lithuania,2002,289.49500738357301
Lithuania,2003,294.34802805887398
Lithuania,2004,264.90151955547901
Lithuania,2005,277.50278903899601
Lithuania,2006,238.22193654515499
Lithuania,2007,265.33706666661902
Lithuania,2008,274.05305876371199
Lithuania,2009,330.47743778579297
Lithuania,2010,283.05772284206301
Lithuania,2011,282.79152486737303
Lithuania,2012,319.06757960480201
Lithuania,2013,329.66655889828098
Lithuania,2014,314.68855020921097
