country,year,population,BiocapPerCap,footprint,deficit,id,ratio,overshoot_day
Montenegro,2006,617461.97518629,2.752223408,3.204978555,-0.452755147,MNE,-1.164505246323735,202.14253053514926
Montenegro,2007,618591.979865067,2.802017837,3.808718389,-1.006700552,MNE,-1.3592769987503006,168.68028893131086
Montenegro,2008,619739.990133427,2.93279628,4.715501516,-1.782705236,MNE,-1.6078517052674386,136.7720203004919
Montenegro,2009,620869.99518835,3.050395516,3.367786603,-0.317391087,MNE,-1.104049156222207,188.25164266197865
Montenegro,2010,621952.02639607,3.17150205,3.907655724,-0.736153674,MNE,-1.2321151424133558,160.91535995098033
Montenegro,2011,622956.970018847,3.161627181,3.736678583,-0.575051402,MNE,-1.181884639541845,166.80842084331255
Montenegro,2012,623864.013701975,3.137341287,3.717669731,-0.580328444,MNE,-1.1849745871925843,164.8651425757377
Montenegro,2013,624648.010354462,3.042332235,3.425847579,-0.383515344,MNE,-1.1260596611435827,180.1345325183175
Montenegro,2014,625291.992148413,3.018011711,3.416702745,-0.398691034,MNE,-1.1321038578740306,179.68957059096772
