country,year,population,BiocapPerCap,footprint,deficit,id,ratio,overshoot_day
Montenegro,2006,617461.97518629,2.752223408,3.204978555,-0.452755147,MNE,0.14126620170162105,222.2042780875955
Montenegro,2007,618591.979865067,2.802017837,3.808718389,-1.006700552,MNE,0.26431477709338197,185.29887078112355
Montenegro,2008,619739.990133427,2.93279628,4.715501516,-1.782705236,MNE,0.3780520968875032,148.62699851902667
Montenegro,2009,620869.99518835,3.050395516,3.367786603,-0.317391087,MNE,0.09424322987604683,205.91681939474714
Montenegro,2010,621952.02639607,3.17150205,3.907655724,-0.736153674,MNE,0.18838754639481134,175.0863505331157
Montenegro,2011,622956.970018847,3.161627181,3.736678583,-0.575051402,MNE,0.1538937292108006,181.82456625143453
Montenegro,2012,623864.013701975,3.137341287,3.717669731,-0.580328444,MNE,0.15610005352570683,180.41882775977012
Montenegro,2013,624648.010354462,3.042332235,3.425847579,-0.383515344,MNE,0.11194757944016519,192.9320322747494
Montenegro,2014,625291.992148413,3.018011711,3.416702745,-0.398691034,MNE,0.11668882655462016,195.0940203564592
