country,year,overshoot_day
Montenegro,2006,313.43783625761603
Montenegro,2007,268.52510629785297
Montenegro,2008,227.01098468220499
Montenegro,2009,330.60122103563299
Montenegro,2010,296.23854560842699
Montenegro,2011,308.82878899407598
Montenegro,2012,308.02348051650802
Montenegro,2013,324.13913343099802
Montenegro,2014,322.40857829074702
