"year","country","overshoot_day","country_3_code"
2006,"Montenegro",202.142530516921,"MNE"
2007,"Montenegro",168.680352013142,"MNE"
2008,"Montenegro",136.771959653278,"MNE"
2009,"Montenegro",188.251656450265,"MNE"
2010,"Montenegro",160.915476068162,"MNE"
2011,"Montenegro",166.808492219291,"MNE"
2012,"Montenegro",164.865130968206,"MNE"
2013,"Montenegro",180.134657975472,"MNE"
2014,"Montenegro",179.689669495739,"MNE"
