country,year,overshoot_day
Morocco,1961,423.07782301949698
Morocco,1962,420.89724466353698
Morocco,1963,429.76991964165899
Morocco,1964,426.14080827461601
Morocco,1965,417.53747788608001
Morocco,1966,396.40873775910501
Morocco,1967,378.89683434904998
Morocco,1968,391.56473825581497
Morocco,1969,419.387615308183
Morocco,1970,400.62816738355798
Morocco,1971,384.06991542995598
Morocco,1972,402.49042516029198
Morocco,1973,382.26797591515498
Morocco,1974,368.701452573746
Morocco,1975,320.41148515173199
Morocco,1976,334.42701768900901
Morocco,1977,295.430907640908
Morocco,1978,310.97071763776199
Morocco,1979,305.717093329384
Morocco,1980,302.59000327178899
Morocco,1981,280.02658253359198
Morocco,1982,295.857590617516
Morocco,1983,291.47061556528502
Morocco,1984,280.33659389451498
Morocco,1985,287.67616924151298
Morocco,1986,290.769505918248
Morocco,1987,275.06149192447998
Morocco,1988,300.88971870747298
Morocco,1989,279.09668920063098
Morocco,1990,276.133766362985
Morocco,1991,264.25354530838598
Morocco,1992,213.754754340701
Morocco,1993,210.80534737442599
Morocco,1994,249.89344133180899
Morocco,1995,183.74268206086799
Morocco,1996,245.64424619663501
Morocco,1997,214.59424240294399
Morocco,1998,218.58874016991001
Morocco,1999,193.97306750387199
Morocco,2000,168.16385688537699
Morocco,2001,183.495336033233
Morocco,2002,188.250646499206
Morocco,2003,212.57863211846299
Morocco,2004,198.31064382404799
Morocco,2005,170.640558646876
Morocco,2006,196.351445724169
Morocco,2007,143.639735249457
Morocco,2008,150.95512087263
Morocco,2009,177.07992454265599
Morocco,2010,174.591070034891
Morocco,2011,166.03016735080399
Morocco,2012,148.60002443528001
Morocco,2013,172.30833766544899
Morocco,2014,160.71711465685601
