country,year,population,BiocapPerCap,footprint,deficit,id,ratio,overshoot_day
Montserrat,2014,5093.99986250822,1.350898039,4.626123841,-3.275225802,MSR,0.7079848950373138,141.4858724574295
