"country","year","overshoot_day","country_3_code","number.of.earth.required"
"Martinique",1961,867.413344387803,"MTQ",2.7
"Martinique",1962,872.113623390001,"MTQ",2.7
"Martinique",1963,769.037206587742,"MTQ",2.7
"Martinique",1964,732.778452479747,"MTQ",2.7
"Martinique",1965,686.730820310743,"MTQ",2.7
"Martinique",1966,664.574670065722,"MTQ",2.7
"Martinique",1967,597.531582016647,"MTQ",2.7
"Martinique",1968,602.477297082179,"MTQ",2.7
"Martinique",1969,565.685429754637,"MTQ",2.7
"Martinique",1970,544.24192302031,"MTQ",2.7
"Martinique",1971,524.45039956854,"MTQ",2.7
"Martinique",1972,430.602628140412,"MTQ",2.7
"Martinique",1973,410.56958963105,"MTQ",2.7
"Martinique",1974,403.314045846104,"MTQ",2.7
"Martinique",1975,448.30216408197,"MTQ",2.7
"Martinique",1976,418.355717615078,"MTQ",2.7
"Martinique",1977,414.147418383108,"MTQ",2.7
"Martinique",1978,429.891644031312,"MTQ",2.7
"Martinique",1979,362.305489208452,"MTQ",2.7
"Martinique",1980,336.608917148427,"MTQ",2.7
"Martinique",1981,330.218440775479,"MTQ",2.7
"Martinique",1982,313.131355312892,"MTQ",2.7
"Martinique",1983,365.07300467881,"MTQ",2.7
"Martinique",1984,250.914670004252,"MTQ",2.7
"Martinique",1985,281.327968810398,"MTQ",2.7
"Martinique",1986,272.264360825106,"MTQ",2.7
"Martinique",1987,244.515910652018,"MTQ",2.7
"Martinique",1988,236.900579612632,"MTQ",2.7
"Martinique",1989,254.741676487489,"MTQ",2.7
"Martinique",1990,246.658557640876,"MTQ",2.7
"Martinique",1991,265.043676459343,"MTQ",2.7
"Martinique",1992,251.656365079784,"MTQ",2.7
"Martinique",1993,250.608938884157,"MTQ",2.7
"Martinique",1994,239.682807836722,"MTQ",2.7
"Martinique",1995,223.925927560945,"MTQ",2.7
"Martinique",1996,207.456681260397,"MTQ",2.7
"Martinique",1997,205.92514197641,"MTQ",2.7
"Martinique",1998,225.702865699644,"MTQ",2.7
"Martinique",1999,216.985063227263,"MTQ",2.7
"Martinique",2000,205.359516569094,"MTQ",2.7
"Martinique",2001,203.260104314001,"MTQ",2.7
"Martinique",2002,193.090681560238,"MTQ",2.7
"Martinique",2003,189.127215599075,"MTQ",2.7
"Martinique",2004,177.20592867357,"MTQ",2.7
"Martinique",2005,173.721886422383,"MTQ",2.7
"Martinique",2006,164.865762375154,"MTQ",2.7
"Martinique",2007,167.235957042566,"MTQ",2.7
"Martinique",2008,165.783543112048,"MTQ",2.7
"Martinique",2009,164.094028089863,"MTQ",2.7
"Martinique",2010,149.282463257124,"MTQ",2.7
"Martinique",2011,135.000226911653,"MTQ",2.7
"Martinique",2012,134.40843469662,"MTQ",2.7
"Martinique",2013,136.40138532197,"MTQ",2.7
"Martinique",2014,137.415548935997,"MTQ",2.7
