country,year,overshoot_day
Nigeria,1961,453.63221283923201
Nigeria,1962,447.19877592991998
Nigeria,1963,414.36387584792698
Nigeria,1964,429.47989523932802
Nigeria,1965,421.58363777001
Nigeria,1966,417.79412536513399
Nigeria,1967,411.48388056586498
Nigeria,1968,416.09552210083302
Nigeria,1969,402.017458415909
Nigeria,1970,383.77797880965198
Nigeria,1971,363.41196077982499
Nigeria,1972,346.79588427554802
Nigeria,1973,347.64027256154702
Nigeria,1974,339.49263954109898
Nigeria,1975,313.54386772182499
Nigeria,1976,293.38712504124197
Nigeria,1977,269.03400151807398
Nigeria,1978,246.80177992456899
Nigeria,1979,240.69197588273599
Nigeria,1980,233.148022565568
Nigeria,1981,221.14201692920901
Nigeria,1982,222.555668764643
Nigeria,1983,234.053536345499
Nigeria,1984,251.680076848402
Nigeria,1985,260.15040837100003
Nigeria,1986,275.28611939884399
Nigeria,1987,269.20854485268302
Nigeria,1988,275.352957763684
Nigeria,1989,276.22324584253897
Nigeria,1990,286.149007923277
Nigeria,1991,284.27050622812601
Nigeria,1992,280.06389266961799
Nigeria,1993,279.89596758457401
Nigeria,1994,284.15973262770098
Nigeria,1995,280.78234987950998
Nigeria,1996,275.79429885815
Nigeria,1997,267.73489168671802
Nigeria,1998,269.10446362485902
Nigeria,1999,273.18312132633997
Nigeria,2000,266.47416871457102
Nigeria,2001,250.235269839594
Nigeria,2002,250.51631411718901
Nigeria,2003,240.179096836442
Nigeria,2004,237.83602650293
Nigeria,2005,232.45094089744899
Nigeria,2006,230.991759818258
Nigeria,2007,232.900229905999
Nigeria,2008,237.13833059994499
Nigeria,2009,213.58863566843999
Nigeria,2010,209.90006305751299
Nigeria,2011,201.75099730724099
Nigeria,2012,228.37143861836299
Nigeria,2013,225.63643275566599
Nigeria,2014,230.45073864705401
