country,year,overshoot_day
Paraguay,1961,4225.6071031314696
Paraguay,1962,4293.6396656993402
Paraguay,1963,4145.2450075165798
Paraguay,1964,4282.4611171947399
Paraguay,1965,4202.3759508942703
Paraguay,1966,4146.7408875713099
Paraguay,1967,4087.6476362406402
Paraguay,1968,4181.0377327244496
Paraguay,1969,4207.0563483244096
Paraguay,1970,4070.4469784124899
Paraguay,1971,3832.44461493277
Paraguay,1972,3899.5203958676202
Paraguay,1973,3688.5887183785198
Paraguay,1974,3325.8280007651701
Paraguay,1975,3263.26156050284
Paraguay,1976,2927.64194815468
Paraguay,1977,2743.6987083937202
Paraguay,1978,2600.7082664619602
Paraguay,1979,2474.95486326742
Paraguay,1980,2329.6387504720501
Paraguay,1981,2119.0169398849398
Paraguay,1982,2114.6344169426402
Paraguay,1983,2067.81271518843
Paraguay,1984,1949.9104466490801
Paraguay,1985,1890.17667954531
Paraguay,1986,1839.20346678175
Paraguay,1987,1672.7108851403
Paraguay,1988,1581.66101380023
Paraguay,1989,1645.78059977522
Paraguay,1990,1606.1093252135699
Paraguay,1991,1508.29094804242
Paraguay,1992,1449.7378614332499
Paraguay,1993,1322.6818559753401
Paraguay,1994,1158.9184226531499
Paraguay,1995,1043.78766135365
Paraguay,1996,1104.8460260853401
Paraguay,1997,1132.8025211957599
Paraguay,1998,1142.6626399075201
Paraguay,1999,1107.0242460934501
Paraguay,2000,1166.4072571384299
Paraguay,2001,1163.6270710552101
Paraguay,2002,1108.6003644668101
Paraguay,2003,1119.30985563024
Paraguay,2004,1266.33641411239
Paraguay,2005,1417.09615649344
Paraguay,2006,1442.2794193654499
Paraguay,2007,1327.1331019848501
Paraguay,2008,1318.65884954179
Paraguay,2009,1345.3261247552
Paraguay,2010,1211.89630551492
Paraguay,2011,1107.49576328588
Paraguay,2012,1113.3038092235399
Paraguay,2013,1118.6468640462399
Paraguay,2014,1029.97164843581
