country,year,population,BiocapPerCap,footprint,deficit,id,ratio,overshoot_day
Saudi Arabia,2014,30886500.0061943,0.413488266,6.002629332,-5.589141066,SAU,0.9311154757140017,102.27948625779706
