"year","country","overshoot_day","country_3_code"
2006,"Serbia",198.955734977513,"SRB"
2007,"Serbia",205.407048739393,"SRB"
2008,"Serbia",193.00275815623,"SRB"
2009,"Serbia",211.579194121638,"SRB"
2010,"Serbia",205.635281469619,"SRB"
2011,"Serbia",192.317011482251,"SRB"
2012,"Serbia",209.747515858786,"SRB"
2013,"Serbia",200.633281305782,"SRB"
2014,"Serbia",210.347964166515,"SRB"
