country,year,overshoot_day
Serbia,2006,171.74510255212499
Serbia,2007,158.875723707221
Serbia,2008,172.295519186679
Serbia,2009,193.36851613301101
Serbia,2010,189.25902761976101
Serbia,2011,177.773907061063
Serbia,2012,168.19020262090601
Serbia,2013,189.23973527490199
Serbia,2014,208.98000126233899
