country,year,population,BiocapPerCap,footprint,deficit,id,ratio,overshoot_day
Serbia,2006,9154759.76612972,1.532208522,3.256314749,-1.724106227,SRB,0.5294654724422648,198.9557349954536
Serbia,2007,9130349.60946884,1.361421786,3.127721093,-1.766299307,SRB,0.5647240449134254,205.40697192278427
Serbia,2008,9109540.04021587,1.577402634,3.341653712,-1.764251078,SRB,0.527957481550081,193.00284373721908
Serbia,2009,9087019.53057857,1.587461899,2.996473289,-1.40901139,SRB,0.47022324382882225,211.57917862475196
Serbia,2010,9059049.8050053,1.58555099,3.057852079,-1.472301089,SRB,0.4814821158652913,205.63513308246664
Serbia,2011,9023879.88004057,1.578560946,3.241053509,-1.662492563,SRB,0.5129481998317726,192.3169291913879
Serbia,2012,8982580.07894534,1.346513222,2.922151934,-1.575638712,SRB,0.5392049241748975,209.74753062631686
Serbia,2013,8937610.35098434,1.59471032,3.075830062,-1.481119742,SRB,0.4815349717457831,200.63314157209135
Serbia,2014,8892820.31486104,1.671105458,2.918717046,-1.247611588,SRB,0.4274520511365801,210.34784838680832
