country,year,population,BiocapPerCap,footprint,deficit,id,ratio,overshoot_day
Serbia,2006,9154759.76612972,1.532208522,3.256314749,-1.724106227,SRB,0.5294654724422648,240.84289968463364
Serbia,2007,9130349.60946884,1.361421786,3.127721093,-1.766299307,SRB,0.5647240449134254,244.12665965129904
Serbia,2008,9109540.04021587,1.577402634,3.341653712,-1.764251078,SRB,0.527957481550081,228.0328985102811
Serbia,2009,9087019.53057857,1.587461899,2.996473289,-1.40901139,SRB,0.47022324382882225,253.63411892239296
Serbia,2010,9059049.8050053,1.58555099,3.057852079,-1.472301089,SRB,0.4814821158652913,242.64935832267247
Serbia,2011,9023879.88004057,1.578560946,3.241053509,-1.662492563,SRB,0.5129481998317726,229.12114410728174
Serbia,2012,8982580.07894534,1.346513222,2.922151934,-1.575638712,SRB,0.5392049241748975,249.94715064839613
Serbia,2013,8937610.35098434,1.59471032,3.075830062,-1.481119742,SRB,0.4815349717457831,236.0391158144549
Serbia,2014,8892820.31486104,1.671105458,2.918717046,-1.247611588,SRB,0.4274520511365801,243.62725972512786
