country,year,population,BiocapPerCap,footprint,deficit,id,ratio,overshoot_day
South Sudan,2011,10510099.6111501,1.812073303,1.668627757,0.143445546,SSD,-0.08596617513896475,456.6668500918386
South Sudan,2012,10980599.6081759,1.715245148,1.603661889,0.111583259,SSD,-0.06958028981382114,473.9202619599074
South Sudan,2013,11453799.8037648,1.68502017,1.582817238,0.102202932,SSD,-0.06457026720857582,468.77543850391146
South Sudan,2014,11911200.1946378,1.638969979,1.542089326,0.0968806530000001,SSD,-0.06282428090679888,481.55050137153995
