"year","country","overshoot_day","country_3_code"
2011,"Sudan",608.729316831479,"SDN"
2012,"Sudan",608.339329396039,"SDN"
2013,"Sudan",541.114894058026,"SDN"
2014,"Sudan",503.925901401126,"SDN"
