country,year,population,BiocapPerCap,footprint,deficit,id,ratio,overshoot_day
Vanuatu,2014,258882.995635091,2.361576044,3.796226007,-1.434649963,VUT,0.37791479231073083,161.7253137721516
