country,year,overshoot_day
Zambia,1964,1679.56168558696
Zambia,1965,1567.0810942804501
Zambia,1966,1475.76305992433
Zambia,1967,1345.50558133667
Zambia,1968,1285.5388267389601
Zambia,1969,1231.86980323333
Zambia,1970,1304.4424453773399
Zambia,1971,1253.0139317568301
Zambia,1972,1306.55373774644
Zambia,1973,1348.6730224819801
Zambia,1974,1444.71732516625
Zambia,1975,1378.14023718108
Zambia,1976,1353.1714746663799
Zambia,1977,1418.3537997789699
Zambia,1978,1432.72585314447
Zambia,1979,1404.6486532090501
Zambia,1980,1363.8135370026901
Zambia,1981,1428.6417849529
Zambia,1982,1402.28741110492
Zambia,1983,1414.2728165547601
Zambia,1984,1425.6573488005899
Zambia,1985,1385.4971526354
Zambia,1986,1350.03345137722
Zambia,1987,1327.8018707096201
Zambia,1988,1254.2060143977001
Zambia,1989,1248.57709385206
Zambia,1990,1285.4285510628499
Zambia,1991,1265.3695702238699
Zambia,1992,1194.18774488434
Zambia,1993,1225.0006538960199
Zambia,1994,1285.3428447039601
Zambia,1995,1315.1054440017001
Zambia,1996,1306.74167449127
Zambia,1997,1201.58107158861
Zambia,1998,1171.36425934679
Zambia,1999,1234.0587879964601
Zambia,2000,1275.36006429082
Zambia,2001,1260.0092540328901
Zambia,2002,1248.59120030951
Zambia,2003,1213.9743685546
Zambia,2004,1158.1097106554801
Zambia,2005,1054.4884889822399
Zambia,2006,999.310433010118
Zambia,2007,1062.4651533838301
Zambia,2008,1030.4641796209901
Zambia,2009,954.81252800254799
Zambia,2010,946.04081577695194
Zambia,2011,932.70889115082696
Zambia,2012,800.57352802169498
Zambia,2013,752.38615842264403
Zambia,2014,768.51962627668604
